{
    "Lady in the Water":[
        [
            0.4,
            "You, Me and Dupree"
        ],
        [
            0.2857142857142857,
            "The Night Listener"
        ],
        [
            0.2222222222222222,
            "Snakes on a Plane"
        ],
        [
            0.2222222222222222,
            "Just My Luck"
        ],
        [
            0.09090909090909091,
            "Superman Returns"
        ]
    ],
    "Snakes on a Plane":[
        [
            0.2222222222222222,
            "Lady in the Water"
        ],
        [
            0.18181818181818182,
            "The Night Listener"
        ],
        [
            0.16666666666666666,
            "Superman Returns"
        ],
        [
            0.10526315789473684,
            "Just My Luck"
        ],
        [
            0.05128205128205128,
            "You, Me and Dupree"
        ]
    ],
    "Just My Luck":[
        [
            0.2222222222222222,
            "Lady in the Water"
        ],
        [
            0.18181818181818182,
            "You, Me and Dupree"
        ],
        [
            0.15384615384615385,
            "The Night Listener"
        ],
        [
            0.10526315789473684,
            "Snakes on a Plane"
        ],
        [
            0.06451612903225806,
            "Superman Returns"
        ]
    ],
    "Superman Returns":[
        [
            0.16666666666666666,
            "Snakes on a Plane"
        ],
        [
            0.10256410256410256,
            "The Night Listener"
        ],
        [
            0.09090909090909091,
            "Lady in the Water"
        ],
        [
            0.06451612903225806,
            "Just My Luck"
        ],
        [
            0.05333333333333334,
            "You, Me and Dupree"
        ]
    ],
    "You, Me and Dupree":[
        [
            0.4,
            "Lady in the Water"
        ],
        [
            0.18181818181818182,
            "Just My Luck"
        ],
        [
            0.14814814814814814,
            "The Night Listener"
        ],
        [
            0.05333333333333334,
            "Superman Returns"
        ],
        [
            0.05128205128205128,
            "Snakes on a Plane"
        ]
    ],
    "The Night Listener":[
        [
            0.2857142857142857,
            "Lady in the Water"
        ],
        [
            0.18181818181818182,
            "Snakes on a Plane"
        ],
        [
            0.15384615384615385,
            "Just My Luck"
        ],
        [
            0.14814814814814814,
            "You, Me and Dupree"
        ],
        [
            0.10256410256410256,
            "Superman Returns"
        ]
    ]
}